{
"robot_type":"DQ_SerialManipulatorDH",
"angle_mode":"degree",
"theta":[-90,   0,     90,  -90,     90,     0,   0,   -90,    90],
"d":[0, -0.5678,  0.3062,     0,       0, 0.255,   0, 0.1266,      0],
"a":[0,   0,       0,  0.25,   -0.01,     0,   0,    0,      0],
"alpha":[-90, 90,    -90,     0,     90,  -90, 90,    90,    0],
"types":[ 0,   1,       0,     0,       0,     0,   0,    0,      0],
"lower_q_limit":[-60,0.0,-170,-120,-120,-270,-90,-360,-360],
"upper_q_limit":[60,0.25,170,120,151,270,120,360,360],
"lower_q_dot_limit":[-0.5, -0.01, -20, -20, -20, -20, -20, -20, -50],
"upper_q_dot_limit":[0.5, 0.01, 20, 20, 20, 20, 20, 20, 50],
"effector":[4.3297802811774670454e-17,
               0.70710678118654746172,
               0.70710678118654757274,
               4.3297802811774658128e-17,
               4.5462692952363390418e-18,
               0.074246212024587490697,
               -0.074246212024587476819,
               -4.5462692952363398122e-18],
"reference_frame":[0.92387953251128673848,0,0,-0.38268343236508978178,0.16738573331649028719,0,0,0.40410490752043681795]
}




