{
"robot_type":"DQ_SerialManipulatorDH",
"angle_mode":"degree",
"theta":[-90,0,90,-90,90,0,0,0],
"d":[0,-0.57180,0.1497,0.02,0,0.1775,-0.0645,0.105],
"a":[0,0,0,0.1655,-0.012,0,0,0],
"alpha":[-90,90,-90,0,90,-90,90,0],
"types":[0,1,0,0,0,0,0,0],
"lower_q_limit":[-5,0.0,-149,-49,19,-169,-94,-169],
"upper_q_limit":[5,0.25,149,99,139,169,134,169],
"lower_q_dot_limit":[-1, -0.01, -5, -5, -5, -5, -5, -5],
"upper_q_dot_limit":[1, 0.01, 5, 5, 5, 5, 5, 5],
"effector":[0.000000000000000000000000000000,
0.707106781186547572737310929369,
0.000000000000000000000000000000,
0.707106781186547572737310929369,
-0.026516504294495531895980988679,
0.000000000000000000000000000000,
-0.026516504294495528426534036726,
0.000000000000000000000000000000
],
"reference_frame":[ 0.38268343236508983729,
0.00000000000000000000,
0.00000000000000000000,
0.92387953251128673848,
-0.40410490752043681795,
0.00000000000000000000,
0.00000000000000000000,
0.16738573331649028719]
}
